ID,common_name
MBMG2C,Ring-necked Dove
K8LJSB,Ring-necked Dove
OGD9L6,Ring-necked Dove
581PCQ,Ring-necked Dove
P91M1F,Ring-necked Dove
UM4TL3,Ring-necked Dove
89JB6J,Ring-necked Dove
6GGIWM,Ring-necked Dove
O1YJGJ,Ring-necked Dove
RV95LF,Ring-necked Dove
502CO7,Ring-necked Dove
LIVB2J,Ring-necked Dove
6W3F6I,Ring-necked Dove
K8ZJFC,Ring-necked Dove
2SNWIY,Ring-necked Dove
4BWGHT,Ring-necked Dove
R8S6U2,Ring-necked Dove
2VV1JR,Ring-necked Dove
84H98H,Ring-necked Dove
6YHDNO,Ring-necked Dove
OQGUJN,Ring-necked Dove
ROZKN6,Ring-necked Dove
8CG8IQ,Ring-necked Dove
A4C2QS,Ring-necked Dove
NMQW8C,Ring-necked Dove
06A4LK,Ring-necked Dove
YVSHZ4,Ring-necked Dove
E7VA3T,Ring-necked Dove
TBTEY9,Ring-necked Dove
2FUMON,Ring-necked Dove
4KFK9U,Ring-necked Dove
TFKD3L,Ring-necked Dove
A8SK52,Ring-necked Dove
72IKIW,Ring-necked Dove
3T0E07,Ring-necked Dove
OTWHFG,Ring-necked Dove
LT28WK,Ring-necked Dove
A8KUNQ,Ring-necked Dove
UGAHZQ,Ring-necked Dove
19S39R,Ring-necked Dove
7UH70I,Ring-necked Dove
4SU6XW,Ring-necked Dove
A46QZ4,Ring-necked Dove
BCHNLH,Ring-necked Dove
TIFSSK,Ring-necked Dove
I9ZHHC,Ring-necked Dove
VY1EPX,Black Cuckoo
F52C94,Black Cuckoo
DVEJ7C,Black Cuckoo
7ZQ4ZB,Black Cuckoo
Y2WFMH,Black Cuckoo
Y78YUH,Black Cuckoo
J6ZZ6E,Black Cuckoo
YHI28Y,Black Cuckoo
ZFHUXT,Black Cuckoo
OXP09C,Black Cuckoo
3SMP0D,Black Cuckoo
YS949R,Black Cuckoo
JEKIHU,Black Cuckoo
NH88IH,Black Cuckoo
MR1ABO,Black Cuckoo
9Y8V62,Black Cuckoo
VNZIQU,Black Cuckoo
YP5IB9,Black Cuckoo
WN1BJ4,Black Cuckoo
FN1UPL,Black Cuckoo
QU6R9V,Black Cuckoo
RP6NK9,Black Cuckoo
CWO9H9,Black Cuckoo
Y9Z1DF,Black Cuckoo
VJJ7XZ,Black Cuckoo
3KV8AZ,Black Cuckoo
X2OAA8,Black Cuckoo
DTAI20,Black Cuckoo
CU748X,Black Cuckoo
ATZ9YB,Black Cuckoo
MSARQ6,Black Cuckoo
ORQ8EX,Black Cuckoo
Z4FPLO,Black Cuckoo
10R8VS,Black Cuckoo
R9L536,Red-chested Cuckoo
30C1TP,Red-chested Cuckoo
PT13IX,Red-chested Cuckoo
6NDXCC,Red-chested Cuckoo
1DZ67Z,Red-chested Cuckoo
G71P6E,Red-chested Cuckoo
2SASDP,Red-chested Cuckoo
27DV0Y,Red-chested Cuckoo
54PLN6,Red-chested Cuckoo
P7DBB3,Red-chested Cuckoo
98TIN2,Red-chested Cuckoo
VLB21B,Red-chested Cuckoo
2K9TNG,Red-chested Cuckoo
WCTP6P,Red-chested Cuckoo
RMCVOH,Red-chested Cuckoo
CX7YT8,Red-chested Cuckoo
LQV59D,Red-chested Cuckoo
1JVURN,Red-chested Cuckoo
ZLFC8O,Red-chested Cuckoo
IO3L6A,Red-chested Cuckoo
8EG6B7,Red-chested Cuckoo
10JBLE,Red-chested Cuckoo
NZ174Z,Red-chested Cuckoo
0IC96G,Red-chested Cuckoo
M8QWKJ,Red-chested Cuckoo
ZZI6LM,Red-chested Cuckoo
BSXRFQ,Red-chested Cuckoo
010FYT,Red-chested Cuckoo
ZFABJS,Red-chested Cuckoo
SW4TEZ,Red-chested Cuckoo
82IMPE,Red-chested Cuckoo
9JWTCV,Fiery-necked Nightjar
6JNEIG,Fiery-necked Nightjar
VREBHU,Fiery-necked Nightjar
GQBWN5,Fiery-necked Nightjar
OMI2YL,Fiery-necked Nightjar
4ZAD8T,Fiery-necked Nightjar
6DRSJM,Fiery-necked Nightjar
C0P6SE,Fiery-necked Nightjar
EZISIN,Fiery-necked Nightjar
AC26JX,Fiery-necked Nightjar
H759KK,Fiery-necked Nightjar
MBEB56,Fiery-necked Nightjar
Z0PEIX,Fiery-necked Nightjar
I684K1,Fiery-necked Nightjar
3XTNRY,Fiery-necked Nightjar
YIXXKH,Fiery-necked Nightjar
5YSRBP,Fiery-necked Nightjar
R5DGFW,Fiery-necked Nightjar
JWBORW,Fiery-necked Nightjar
1BKDH1,Fiery-necked Nightjar
4XPSOQ,Fiery-necked Nightjar
A3S6NC,Fiery-necked Nightjar
CEMHF7,Fiery-necked Nightjar
LGANLI,Fiery-necked Nightjar
U7FDJ8,Fiery-necked Nightjar
QUDH6E,Fiery-necked Nightjar
9OTR52,Fiery-necked Nightjar
2LO3UF,Fiery-necked Nightjar
Q58ADU,Fiery-necked Nightjar
EHF2PN,Fiery-necked Nightjar
5K2F9L,Fiery-necked Nightjar
0WSTIM,Fiery-necked Nightjar
AEMO76,Fiery-necked Nightjar
MTFLP3,Fiery-necked Nightjar
APO9ZU,Green Wood Hoopoe
2FZ21K,Green Wood Hoopoe
W52D30,Green Wood Hoopoe
T4TU74,Green Wood Hoopoe
506JLK,Green Wood Hoopoe
MFJY1J,Green Wood Hoopoe
K3ZQIA,Green Wood Hoopoe
UD9JUR,Green Wood Hoopoe
F33O16,Green Wood Hoopoe
LD22ZD,Green Wood Hoopoe
AC5NT9,Green Wood Hoopoe
D2IX20,Green Wood Hoopoe
ZO8DQ1,Green Wood Hoopoe
2SWP96,Green Wood Hoopoe
ZSFVZK,Green Wood Hoopoe
80OIBM,Green Wood Hoopoe
BINKOZ,Green Wood Hoopoe
AP85X5,Green Wood Hoopoe
81OTTH,Green Wood Hoopoe
QWHAC3,Green Wood Hoopoe
O11BRT,Green Wood Hoopoe
SDME4L,Green Wood Hoopoe
0LHCDU,Green Wood Hoopoe
1C6LKX,Green Wood Hoopoe
MY9Q5A,Green Wood Hoopoe
BMSBGE,Green Wood Hoopoe
TZM8YY,Green Wood Hoopoe
Q4VM5X,Green Wood Hoopoe
W8SK1G,Green Wood Hoopoe
KU96X8,Green Wood Hoopoe
L0UDQC,Green Wood Hoopoe
EVKAT2,Green Wood Hoopoe
HIYOKT,Green Wood Hoopoe
7KOQO0,Crested Barbet
VO5TCS,Crested Barbet
N4RVRH,Crested Barbet
ASHDZB,Crested Barbet
LIDGV8,Crested Barbet
WNNHBZ,Crested Barbet
5D2WZM,Crested Barbet
WDSMMB,Crested Barbet
91T55Q,Crested Barbet
DB0Y0C,Crested Barbet
6CS96O,Crested Barbet
Y81NYP,Crested Barbet
QAG4XC,Crested Barbet
NN8GMF,Crested Barbet
GVRZOH,Crested Barbet
4Z7NKI,Crested Barbet
TW7LD4,Crested Barbet
K2CR9W,Crested Barbet
QS8TDA,Crested Barbet
9AKHJU,Crested Barbet
DY9UXR,Crested Barbet
161HVU,Crested Barbet
Z3YGXO,Crested Barbet
PEBJQH,Crested Barbet
PBD9YP,Crested Barbet
DYIZWF,Crested Barbet
515QVN,Crested Barbet
8S8KOQ,Crested Barbet
92Y5W2,Crested Barbet
QQISOQ,Crested Barbet
M8JLIT,Crested Barbet
D6CFM2,Crested Barbet
69A8FF,Crested Barbet
C87I6D,Crested Barbet
HQDU7D,Cape Batis
3T66PS,Cape Batis
A0QST3,Cape Batis
A2I8VH,Cape Batis
6K6ZRC,Cape Batis
X8865X,Cape Batis
WJT5UK,Cape Batis
NZ30YN,Cape Batis
FVTCUV,Cape Batis
2B5XR8,Cape Batis
QNH9RG,Cape Batis
5YLLWI,Cape Batis
9O96AE,Cape Batis
G2WVPF,Cape Batis
53GVWM,Cape Batis
V0BP6I,Cape Batis
R4ZXC3,Cape Batis
MO6VXZ,Cape Batis
OFVUH9,Cape Batis
QIW7NH,Cape Batis
W7RWWQ,Cape Batis
BO1CWQ,Cape Batis
8GKDRV,Cape Batis
4C68TZ,Cape Batis
GP32TQ,Cape Batis
Q98WLK,Cape Batis
5CYFQR,Cape Batis
KW22DT,Cape Batis
I20B5U,Cape Batis
6DOMME,Cape Batis
YN28QN,Cape Batis
UA0VQX,Cape Batis
LZ648E,Olive Bushshrike
POG0BR,Olive Bushshrike
O8MJA2,Olive Bushshrike
ZJSXGO,Olive Bushshrike
CNZTVS,Olive Bushshrike
OALGLL,Olive Bushshrike
0V7BFX,Olive Bushshrike
1908OW,Olive Bushshrike
R6OG1N,Olive Bushshrike
VSYJGS,Olive Bushshrike
XLRF17,Olive Bushshrike
7BC2P0,Olive Bushshrike
P9BHRH,Olive Bushshrike
LB6FSX,Olive Bushshrike
C131YV,Olive Bushshrike
1AMF0R,Olive Bushshrike
IS07K1,Olive Bushshrike
5FVPMV,Olive Bushshrike
RQ8ISF,Olive Bushshrike
29HKUV,Olive Bushshrike
3C7TK0,Olive Bushshrike
GO6G82,Olive Bushshrike
3UEN65,Olive Bushshrike
K8CAZJ,Olive Bushshrike
GN7Y38,Olive Bushshrike
DCMJ2M,Olive Bushshrike
AMND4O,Olive Bushshrike
S2U2YB,Olive Bushshrike
1RX6E1,Olive Bushshrike
0NZG55,Olive Bushshrike
27KSOO,Olive Bushshrike
V6CZRB,Olive Bushshrike
WIDP92,Olive Bushshrike
QBYJDM,Olive Bushshrike
0MOSOT,Olive Bushshrike
387C74,Olive Bushshrike
J9RRFC,Olive Bushshrike
27UITN,Orange-breasted Bushshrike
02E4IE,Orange-breasted Bushshrike
I43RP3,Orange-breasted Bushshrike
MT04WN,Orange-breasted Bushshrike
JEPNDR,Orange-breasted Bushshrike
AQ9UTN,Orange-breasted Bushshrike
PBOPHZ,Orange-breasted Bushshrike
OKBDAJ,Orange-breasted Bushshrike
E8FYGU,Orange-breasted Bushshrike
UVOUS2,Orange-breasted Bushshrike
7JQDER,Orange-breasted Bushshrike
UDV1OD,Orange-breasted Bushshrike
ORU7XC,Orange-breasted Bushshrike
6SBZ7B,Orange-breasted Bushshrike
4DWIER,Orange-breasted Bushshrike
JS6R16,Orange-breasted Bushshrike
BRFKFG,Orange-breasted Bushshrike
HZWSUW,Orange-breasted Bushshrike
08BJVG,Orange-breasted Bushshrike
IORKH0,Orange-breasted Bushshrike
IGY2RU,Orange-breasted Bushshrike
LR0UQT,Orange-breasted Bushshrike
ZGB2OB,Orange-breasted Bushshrike
RWJ3CU,Orange-breasted Bushshrike
YP4S88,Orange-breasted Bushshrike
R6QKFN,Orange-breasted Bushshrike
RHCFQ1,Orange-breasted Bushshrike
AYZV0P,Orange-breasted Bushshrike
W5364N,Orange-breasted Bushshrike
J82B3Y,Orange-breasted Bushshrike
38EYYF,Orange-breasted Bushshrike
B11XG9,Orange-breasted Bushshrike
RP71FC,Orange-breasted Bushshrike
QB5E6V,Orange-breasted Bushshrike
MQUJ6F,Orange-breasted Bushshrike
4KOMF8,Orange-breasted Bushshrike
8X7I8U,Orange-breasted Bushshrike
07PWPW,Bokmakierie
C29NHF,Bokmakierie
WU8R9E,Bokmakierie
3QHTRI,Bokmakierie
WLM14P,Bokmakierie
7HRULP,Bokmakierie
1WW0AX,Bokmakierie
M2KGD8,Bokmakierie
YQ8FPK,Bokmakierie
VQ1K57,Bokmakierie
RIS32Q,Bokmakierie
UU3WDD,Bokmakierie
4Y5C8E,Bokmakierie
BJQH7E,Bokmakierie
DIF7TG,Bokmakierie
S26JDU,Bokmakierie
IXY261,Bokmakierie
3DRX9O,Bokmakierie
K3TN6M,Bokmakierie
J17AT9,Bokmakierie
MFMG87,Bokmakierie
BAGK2W,Bokmakierie
F929ZD,Bokmakierie
XQRH9X,Bokmakierie
G3MU3D,Bokmakierie
A2KSWI,Bokmakierie
G5OGSN,Bokmakierie
H2QQPS,Bokmakierie
MB56OX,Bokmakierie
UASTJ2,Bokmakierie
S3N4RD,Bokmakierie
AKYJNB,Bokmakierie
02WSAB,Bokmakierie
MHQAYP,Bokmakierie
VBK6YM,Bokmakierie
7ANBOU,Bokmakierie
DFID0N,Bokmakierie
IT41BD,Bokmakierie
JWALDA,Bokmakierie
152H1P,Bokmakierie
VD8F6F,Bokmakierie
YGO2TK,Bokmakierie
G5GPU6,Bokmakierie
FUBU5K,Bokmakierie
1A6FUM,Bokmakierie
3GYUGB,Bokmakierie
4SJ5GQ,Bokmakierie
1HVGTH,Bokmakierie
V33EHB,Bokmakierie
RANBEJ,Bokmakierie
KQJIDR,Bokmakierie
1DEF21,Bokmakierie
GR9HFI,Bokmakierie
29ZC5S,Bokmakierie
645CQ1,Bokmakierie
D9QUNT,Bokmakierie
CUM3DP,Bokmakierie
5T2C36,Bokmakierie
39G0DE,Bokmakierie
I98R74,Bokmakierie
ZHKJOD,Bokmakierie
6OC5F8,Bokmakierie
SDR9V4,Bokmakierie
Z5PJ0U,Bokmakierie
8HRZTI,Bokmakierie
E7UQZ1,Bokmakierie
RVR7P4,Bokmakierie
YPUCLY,Bokmakierie
VNESTJ,Bokmakierie
EL1EDW,Bokmakierie
9M50UT,Bokmakierie
UNXY31,Bokmakierie
8FHGEG,Bokmakierie
SK4APZ,Bokmakierie
4QD3MS,Bokmakierie
K8RTGZ,Bokmakierie
JPLU8E,Bokmakierie
TFHK9A,Bokmakierie
MI40BX,Bokmakierie
9L9BK2,Bokmakierie
96TMLX,Bokmakierie
G36KRE,Bokmakierie
L2DGXF,Bokmakierie
7PXD0J,Bokmakierie
7FPANY,Bokmakierie
C49KXJ,Bokmakierie
KDEBIL,Bokmakierie
TSNQL9,Black-backed Puffback
8TYER7,Black-backed Puffback
NYK3UV,Black-backed Puffback
G783BZ,Black-backed Puffback
70Y1Q7,Black-backed Puffback
CLXW4V,Black-backed Puffback
TMR0D2,Black-backed Puffback
WNB3HU,Black-backed Puffback
CEN5EN,Black-backed Puffback
1WY0H7,Black-backed Puffback
XQXKZD,Black-backed Puffback
W8KN1F,Black-backed Puffback
YPN0XV,Black-backed Puffback
FLTTTW,Black-backed Puffback
Y7595N,Black-backed Puffback
A6B0HK,Black-backed Puffback
DIDW9A,Black-backed Puffback
22MWLW,Black-backed Puffback
88H2R0,Black-backed Puffback
D6R4EH,Black-backed Puffback
YBNCPJ,Black-backed Puffback
ZU6W1G,Black-backed Puffback
J96TMY,Black-backed Puffback
W4961I,Black-backed Puffback
V7F5ZZ,Black-backed Puffback
MO93UW,Black-backed Puffback
UZXKDD,Black-backed Puffback
10Q5GC,Black-backed Puffback
3KHDY6,Black-backed Puffback
I4FO7Q,Black-backed Puffback
BC2RWZ,Black-backed Puffback
1HAZVH,Black-backed Puffback
IURECK,Black-backed Puffback
E0O9C8,Black-backed Puffback
C5OVOB,Black-backed Puffback
9MXTWH,Black-backed Puffback
TAGN1N,Black-backed Puffback
PCQWNH,Black-backed Puffback
XZIQE6,Black-backed Puffback
Y6Z9E7,Black-backed Puffback
AE3BWJ,Black-backed Puffback
MIXC0U,Black-backed Puffback
EA2P06,Black-backed Puffback
O4B4BX,Black-backed Puffback
1WO820,Black-backed Puffback
80E9AZ,Black-backed Puffback
MPC7NS,Black-backed Puffback
QIV956,Black-backed Puffback
O0EIHP,Black-backed Puffback
N53IKJ,Black-backed Puffback
LUXPG2,Black-backed Puffback
4A5EVS,Black-backed Puffback
O9IM1F,Southern Boubou
Q6CNPM,Southern Boubou
8N9UXP,Southern Boubou
UN1Q5P,Southern Boubou
BW3QIV,Southern Boubou
VVDDHA,Southern Boubou
D1HLXQ,Southern Boubou
4BJKI4,Southern Boubou
TPSNXQ,Southern Boubou
A8U9DJ,Southern Boubou
Z3FM8P,Southern Boubou
MQ9G77,Southern Boubou
VXRDL7,Southern Boubou
JL3QB8,Southern Boubou
WCHMRK,Southern Boubou
BU4QCD,Southern Boubou
IS1H27,Southern Boubou
111CY1,Southern Boubou
48ELF5,Southern Boubou
FPT48E,Southern Boubou
EPTL15,Southern Boubou
7S49D4,Southern Boubou
LJ137N,Southern Boubou
ZUROWD,Southern Boubou
TYAOP9,Southern Boubou
G7HLLB,Southern Boubou
PT1DS7,Southern Boubou
XPD9W9,Southern Boubou
6E5JTD,Southern Boubou
6LE62S,Southern Boubou
Q4ZCUY,Southern Boubou
MPIF7R,Southern Boubou
QV82X5,Southern Boubou
N3Q03X,Southern Boubou
D62FNA,Southern Boubou
GDFZJZ,Southern Boubou
Q5939Z,Southern Boubou
6U5700,Southern Boubou
OIMXKV,Southern Boubou
TUDWM1,Southern Boubou
Y21AXM,Southern Boubou
JW4RMR,Southern Boubou
JNCWZM,Southern Boubou
7IOSCQ,Southern Boubou
C9KZZX,Southern Boubou
HQXRFT,Southern Boubou
P9EUB6,Southern Boubou
38394O,Southern Boubou
PPC35A,Southern Boubou
RBB7HY,Southern Boubou
YCDKTW,Southern Boubou
RDAQXP,Southern Boubou
79Q1PG,Southern Boubou
8Y98EK,Southern Boubou
N6RJXH,Southern Boubou
IQBYEP,Southern Boubou
C180LY,Southern Boubou
CG0CY6,Southern Boubou
Z4CTLB,Southern Boubou
31BO6H,Southern Boubou
SB986D,Southern Boubou
2MAEP5,Southern Boubou
THDWS9,Southern Boubou
PKAI8S,Southern Boubou
PPXM8D,Southern Boubou
J7ZT24,Black-headed Oriole
CIW7V5,Black-headed Oriole
JKFPW3,Black-headed Oriole
PCLZ1R,Black-headed Oriole
Z3EN1Z,Black-headed Oriole
G6H69V,Black-headed Oriole
G5G5CN,Black-headed Oriole
XUWNAI,Black-headed Oriole
CO26LA,Black-headed Oriole
197OWZ,Black-headed Oriole
G8RXGE,Black-headed Oriole
396VWZ,Black-headed Oriole
PBV290,Black-headed Oriole
AK88S7,Black-headed Oriole
TWGPLN,Black-headed Oriole
KWE3NE,Black-headed Oriole
A7RI1O,Black-headed Oriole
XMSL8J,Black-headed Oriole
RYAKAE,Black-headed Oriole
7ONQOA,Black-headed Oriole
BXVVJ5,Black-headed Oriole
RJ3FIZ,Black-headed Oriole
YCLY2C,Black-headed Oriole
NRVI5U,Black-headed Oriole
VS2UUV,Black-headed Oriole
SPMSYM,Black-headed Oriole
K0G1H0,Black-headed Oriole
2Q7ZAK,Black-headed Oriole
TBNVLB,Black-headed Oriole
1MST88,Black-headed Oriole
CV9N3W,Black-headed Oriole
8DEQS5,Black-headed Oriole
65R9P2,Black-headed Oriole
3S07JY,Black-headed Oriole
BHXI1U,Black-headed Oriole
SHSAS7,Black-headed Oriole
PUQQF5,Black-headed Oriole
647MAL,Black-headed Oriole
JCKRVZ,Black-headed Oriole
0ZY3RH,Black-headed Oriole
9C1OLF,Black-headed Oriole
FYQLOH,Black-headed Oriole
4JOH8Q,Black-headed Oriole
2S1DPZ,Black-headed Oriole
PXG40D,Black-headed Oriole
43N1JJ,Black-headed Oriole
CTXVOR,Black-headed Oriole
7HYCA7,Fork-tailed Drongo
FAIMBM,Fork-tailed Drongo
TXYIFA,Fork-tailed Drongo
PSG8D8,Fork-tailed Drongo
78XZA8,Fork-tailed Drongo
TOBAH3,Fork-tailed Drongo
L6X14Q,Fork-tailed Drongo
ODG8UO,Fork-tailed Drongo
GC7MGZ,Fork-tailed Drongo
U036O5,Fork-tailed Drongo
P3LSAF,Fork-tailed Drongo
8IF90S,Fork-tailed Drongo
6TUP24,Fork-tailed Drongo
1KP787,Fork-tailed Drongo
XJOXOL,Fork-tailed Drongo
XI6LP4,Fork-tailed Drongo
3C96NG,Fork-tailed Drongo
SCTFL4,Fork-tailed Drongo
SGZTDU,Fork-tailed Drongo
6WMPO4,Fork-tailed Drongo
O09B09,Fork-tailed Drongo
AW794D,Fork-tailed Drongo
DPL33D,Fork-tailed Drongo
67DHHP,Fork-tailed Drongo
YQP2VA,Fork-tailed Drongo
C7AKX8,Fork-tailed Drongo
ZUTL9N,Fork-tailed Drongo
KD4BRT,Fork-tailed Drongo
RL9XUF,Fork-tailed Drongo
J1QZD9,Fork-tailed Drongo
BUP94Z,Fork-tailed Drongo
DZ7UQ1,Fork-tailed Drongo
M32SHF,Fork-tailed Drongo
I1D36X,Fork-tailed Drongo
XIC1AI,Fork-tailed Drongo
VUDGQZ,Fork-tailed Drongo
R92OB9,Fork-tailed Drongo
UVO6MN,Fork-tailed Drongo
EQCZHH,Fork-tailed Drongo
BZCE4Y,Fork-tailed Drongo
ENKLG8,Fork-tailed Drongo
0009FW,Fork-tailed Drongo
P9EKGO,Fork-tailed Drongo
GR8TQE,Fork-tailed Drongo
W5XQKJ,African Paradise Flycatcher
QL5FWZ,African Paradise Flycatcher
BUYD77,African Paradise Flycatcher
MJTCW2,African Paradise Flycatcher
Q7A17U,African Paradise Flycatcher
KFYLAM,African Paradise Flycatcher
WLNX4N,African Paradise Flycatcher
425ZV1,African Paradise Flycatcher
R56683,African Paradise Flycatcher
9KOSN5,African Paradise Flycatcher
5ERMTO,African Paradise Flycatcher
V38EU6,African Paradise Flycatcher
C5K6VU,African Paradise Flycatcher
UY855J,African Paradise Flycatcher
5515X3,African Paradise Flycatcher
KV3JWL,African Paradise Flycatcher
53H87J,African Paradise Flycatcher
B8XBA9,African Paradise Flycatcher
UN76HL,African Paradise Flycatcher
FMVGU4,African Paradise Flycatcher
SW00KZ,African Paradise Flycatcher
DBDL0X,African Paradise Flycatcher
ZH67BT,African Paradise Flycatcher
4EPMY4,African Paradise Flycatcher
HCPP8T,African Paradise Flycatcher
YRM5PD,African Paradise Flycatcher
3X24H9,African Paradise Flycatcher
PEZXPM,African Paradise Flycatcher
PHG5IL,African Paradise Flycatcher
5DJMTH,African Paradise Flycatcher
YDIF0H,African Paradise Flycatcher
NFARAH,African Paradise Flycatcher
IXR2H0,African Paradise Flycatcher
ZN6T1Y,Sabota Lark
CZBKVG,Sabota Lark
AQHT6S,Sabota Lark
0V12SO,Sabota Lark
AIKP40,Sabota Lark
G0SMRB,Sabota Lark
K48R7H,Sabota Lark
4425U3,Sabota Lark
M1F74F,Sabota Lark
VAV6SB,Sabota Lark
2AHK1L,Sabota Lark
7GUY20,Sabota Lark
L3EXE3,Sabota Lark
OMH6N1,Sabota Lark
KD1GL6,Sabota Lark
2N1VZL,Sabota Lark
58D6LH,Sabota Lark
ZIPPIO,Sabota Lark
GLGFFJ,Sabota Lark
I92BLU,Sabota Lark
J44SPZ,Sabota Lark
Z3JWFF,Sabota Lark
WVWSAV,Sabota Lark
HSV8OQ,Sabota Lark
RGJNOE,Sabota Lark
9TH80N,Sabota Lark
I7JDIG,Sabota Lark
RS81B1,Sabota Lark
HHTYHS,Sabota Lark
TQZOOD,Sabota Lark
L8F7Z8,Sabota Lark
UVWAE9,Sabota Lark
R7SNF9,Sabota Lark
OK2QTS,Sabota Lark
84SAQB,Sabota Lark
LAE7IM,Sabota Lark
OR5E5I,Sabota Lark
9RV2O4,Sabota Lark
ZTPBR8,Sabota Lark
NDRPHW,Sabota Lark
CY6R50,Sabota Lark
3UIJ8R,Sabota Lark
YAZ7EN,Sabota Lark
2HQRAW,Sabota Lark
9ELV4Z,Sabota Lark
UMS3G3,Sabota Lark
0BEEHQ,Sabota Lark
T57XG9,Sabota Lark
KTD8QH,Eastern Clapper Lark
RK3L7X,Eastern Clapper Lark
FRA6ZA,Eastern Clapper Lark
6W77GZ,Eastern Clapper Lark
R6RXHB,Eastern Clapper Lark
SZGF3T,Eastern Clapper Lark
Z80RFI,Eastern Clapper Lark
VIHELA,Eastern Clapper Lark
K78HZH,Eastern Clapper Lark
DFVZ70,Eastern Clapper Lark
YO63YZ,Eastern Clapper Lark
4V0G4K,Eastern Clapper Lark
HG625P,Eastern Clapper Lark
THC5QH,Eastern Clapper Lark
VTTM6X,Eastern Clapper Lark
YIGCER,Eastern Clapper Lark
0EFEG5,Eastern Clapper Lark
O79IIH,Eastern Clapper Lark
A2XVBS,Eastern Clapper Lark
TO3ZLQ,Eastern Clapper Lark
BEEYEM,Eastern Clapper Lark
34U0B8,Eastern Clapper Lark
KMVGLD,Eastern Clapper Lark
IK0EC8,Eastern Clapper Lark
9MK7YJ,Eastern Clapper Lark
LF07ES,Eastern Clapper Lark
4IR3EJ,Eastern Clapper Lark
ZEK7LW,Eastern Clapper Lark
A0THVG,Eastern Clapper Lark
F41QWA,Eastern Clapper Lark
7RK1TU,Eastern Clapper Lark
6G6C39,Eastern Clapper Lark
CZE7KS,Eastern Clapper Lark
QY4VDY,Eastern Clapper Lark
UGPZ1L,Eastern Clapper Lark
LKGB1N,Eastern Clapper Lark
CUQAQ3,Eastern Clapper Lark
EOOAHR,Rufous-naped Lark
6JYDUA,Rufous-naped Lark
6TDPVM,Rufous-naped Lark
9TUPQR,Rufous-naped Lark
Z1NKVH,Rufous-naped Lark
5NPF5X,Rufous-naped Lark
MS7PLD,Rufous-naped Lark
ULOJF9,Rufous-naped Lark
AMA23S,Rufous-naped Lark
34BXW4,Rufous-naped Lark
9THKN0,Rufous-naped Lark
8AG8WR,Rufous-naped Lark
5G150Y,Rufous-naped Lark
5FPP3F,Rufous-naped Lark
SQVVA8,Rufous-naped Lark
PX1J7E,Rufous-naped Lark
CQ1SCM,Rufous-naped Lark
X0VFXT,Rufous-naped Lark
UYXQQF,Rufous-naped Lark
PVM2ZQ,Rufous-naped Lark
WFYK5D,Rufous-naped Lark
25IFOX,Rufous-naped Lark
JRW37Q,Rufous-naped Lark
EID90A,Rufous-naped Lark
98HFM7,Rufous-naped Lark
RKL6IU,Rufous-naped Lark
JQEBYE,Rufous-naped Lark
6G5SQU,Rufous-naped Lark
SN9HWB,Rufous-naped Lark
3ZDYSP,Rufous-naped Lark
EWIYDW,Rufous-naped Lark
4WRV02,Rufous-naped Lark
YG9O98,Rufous-naped Lark
DGYN28,Rufous-naped Lark
0C6ZAH,Rufous-naped Lark
70H2WE,Rufous-naped Lark
E0BVTQ,Rufous-naped Lark
5KR18T,Rufous-naped Lark
J9YXHH,Rufous-naped Lark
0JXHHP,Rufous-naped Lark
HHRE96,Rufous-naped Lark
GU861X,Rufous-naped Lark
DF2C11,Rufous-naped Lark
OY39QU,Rufous-naped Lark
5YSFB4,Rufous-naped Lark
3UOM38,Rufous-naped Lark
ZOUY5W,Rufous-naped Lark
8OUOLH,Rufous-naped Lark
PYY3MR,Rufous-naped Lark
G84M55,Rufous-naped Lark
RGXMXH,Rufous-naped Lark
YEZVK5,Rufous-naped Lark
0GYN58,Rufous-naped Lark
JIQL6N,Rufous-naped Lark
I8LRZV,Rufous-naped Lark
CU2BCB,Rufous-naped Lark
L0Q548,Rufous-naped Lark
HQTVMS,Rufous-naped Lark
K9DOJ4,Rufous-naped Lark
7COG4O,Rufous-naped Lark
16GR6O,Rufous-naped Lark
TYJJEW,Rufous-naped Lark
QQYLAD,Rufous-naped Lark
VIZ1Y4,Rufous-naped Lark
74WATW,Rufous-naped Lark
KNKK4T,Dark-capped Bulbul
AR7CS5,Dark-capped Bulbul
YW1MEW,Dark-capped Bulbul
W9LS0S,Dark-capped Bulbul
AMR9AF,Dark-capped Bulbul
C6A98R,Dark-capped Bulbul
G770IS,Dark-capped Bulbul
3BNEI9,Dark-capped Bulbul
T84U42,Dark-capped Bulbul
IILF6X,Dark-capped Bulbul
YPC6BS,Dark-capped Bulbul
S5YCT1,Dark-capped Bulbul
ZG0MYG,Dark-capped Bulbul
QPVWZR,Dark-capped Bulbul
R13FEA,Dark-capped Bulbul
7F7H22,Dark-capped Bulbul
31CWY2,Dark-capped Bulbul
7RQT72,Dark-capped Bulbul
8B4B9L,Dark-capped Bulbul
3OTI74,Dark-capped Bulbul
90GB2C,Dark-capped Bulbul
0E9DMQ,Dark-capped Bulbul
15P4UG,Dark-capped Bulbul
EA8VS0,Dark-capped Bulbul
6IO05X,Dark-capped Bulbul
TL03IC,Dark-capped Bulbul
WQBCLK,Dark-capped Bulbul
7VYVZC,Dark-capped Bulbul
Q8MRZS,Dark-capped Bulbul
560XDK,Dark-capped Bulbul
QO2TXW,Dark-capped Bulbul
QUGB99,Dark-capped Bulbul
XNUPJQ,Dark-capped Bulbul
ET4NWY,Dark-capped Bulbul
CIAZ5Q,Dark-capped Bulbul
QVHZHS,Dark-capped Bulbul
QDAYDV,Dark-capped Bulbul
Y1NGYR,Dark-capped Bulbul
VAL5TZ,Dark-capped Bulbul
40UFYC,Dark-capped Bulbul
FABY2X,Sombre Greenbul
UOUT46,Sombre Greenbul
K7GG87,Sombre Greenbul
C1GNVG,Sombre Greenbul
0LA6EP,Sombre Greenbul
150G71,Sombre Greenbul
C7AM2I,Sombre Greenbul
TMXFOW,Sombre Greenbul
ISJEZP,Sombre Greenbul
IIUUQ2,Sombre Greenbul
I8D6OT,Sombre Greenbul
NXHIEX,Sombre Greenbul
QDOEZV,Sombre Greenbul
G4IYG3,Sombre Greenbul
TMAVX9,Sombre Greenbul
26W9S5,Sombre Greenbul
0DO1BS,Sombre Greenbul
YLX7CG,Sombre Greenbul
W978VR,Sombre Greenbul
L9HN88,Sombre Greenbul
P8AQPO,Sombre Greenbul
66R99T,Sombre Greenbul
9M50LS,Sombre Greenbul
YRM72L,Sombre Greenbul
W7DO4D,Sombre Greenbul
1RBIPJ,Sombre Greenbul
THM57J,Sombre Greenbul
WOMFDE,Sombre Greenbul
904ZIM,Sombre Greenbul
8H11CX,Sombre Greenbul
QM5XH1,Sombre Greenbul
S8DU85,Sombre Greenbul
FVA1KP,Sombre Greenbul
9JJJOS,Sombre Greenbul
LEFU84,Sombre Greenbul
CU5B1G,Sombre Greenbul
1I81TE,Sombre Greenbul
O24I2W,Sombre Greenbul
PDIW14,Sombre Greenbul
RC5MOE,Sombre Greenbul
87BKSF,Sombre Greenbul
O5UHT2,Sombre Greenbul
5LCE49,Sombre Greenbul
Q67W0O,Sombre Greenbul
T8XGX7,Sombre Greenbul
P3FL9U,Sombre Greenbul
AP8F3H,Sombre Greenbul
4AQPQS,Sombre Greenbul
25C5SP,Sombre Greenbul
8UZQ4O,Sombre Greenbul
8P0L15,Sombre Greenbul
IWTLQ0,Sombre Greenbul
U9MXLW,Sombre Greenbul
R1GZMI,Sombre Greenbul
MP4B15,Sombre Greenbul
AO9TF9,Sombre Greenbul
2CY7QX,Sombre Greenbul
FUSNEK,Sombre Greenbul
SRNA81,Sombre Greenbul
I0GJDU,Sombre Greenbul
3WKCKH,Sombre Greenbul
24PE2T,Sombre Greenbul
FPWGZF,Sombre Greenbul
6HPK5A,Sombre Greenbul
0WVHYD,Sombre Greenbul
Y1QKZQ,Sombre Greenbul
83V8P7,Sombre Greenbul
F64RUF,Sombre Greenbul
M7G6PS,Sombre Greenbul
7EO8QJ,Sombre Greenbul
TUOS77,Sombre Greenbul
RSBF5P,Sombre Greenbul
Z64XB8,Sombre Greenbul
YE7OVK,Sombre Greenbul
PM4J1K,Sombre Greenbul
R6V5GA,Sombre Greenbul
YBZSQE,Sombre Greenbul
9NSVOK,Sombre Greenbul
HISVRW,Sombre Greenbul
CH61RK,Sombre Greenbul
YYI6R5,Sombre Greenbul
ITXHI8,Sombre Greenbul
V3078O,Sombre Greenbul
XLO7HZ,Sombre Greenbul
WXVSBL,Sombre Greenbul
Y0HLJZ,Sombre Greenbul
89HVY0,Sombre Greenbul
CG1JNK,Sombre Greenbul
GVKXXJ,Sombre Greenbul
0JR3WB,Long-billed Crombec
GH6FMQ,Long-billed Crombec
IAZKCN,Long-billed Crombec
M9ESWG,Long-billed Crombec
85ZHHL,Long-billed Crombec
GZXXPC,Long-billed Crombec
R2PBOA,Long-billed Crombec
NVIUOE,Long-billed Crombec
B8BAOB,Long-billed Crombec
OKNDFW,Long-billed Crombec
LSJIKA,Long-billed Crombec
ZXPU1Y,Long-billed Crombec
8453TJ,Long-billed Crombec
8FR31I,Long-billed Crombec
QFZNVZ,Long-billed Crombec
63E302,Long-billed Crombec
7UZ5XK,Long-billed Crombec
18O61A,Long-billed Crombec
YK15FT,Long-billed Crombec
XONMIL,Long-billed Crombec
OIOE31,Long-billed Crombec
7AU981,Long-billed Crombec
WO4SUR,Long-billed Crombec
C02Q2L,Long-billed Crombec
E5VX66,Long-billed Crombec
VJAHXG,Long-billed Crombec
EWYEUU,Long-billed Crombec
S11ITF,Long-billed Crombec
9UK54U,Long-billed Crombec
T9DAWS,Long-billed Crombec
VN12XL,Long-billed Crombec
LWN2N9,Long-billed Crombec
ARQPJQ,Long-billed Crombec
K3XKR6,Long-billed Crombec
ITMPIY,Long-billed Crombec
0WAYRY,Long-billed Crombec
RQD7LL,Long-billed Crombec
CMDXN1,Long-billed Crombec
WOZFCI,Long-billed Crombec
MCCMQ6,Long-billed Crombec
QQVA60,Long-billed Crombec
78DD9P,African Reed Warbler
X06E9Z,African Reed Warbler
VDUGPA,African Reed Warbler
YTL9I1,African Reed Warbler
RHGZA4,African Reed Warbler
A3U9UF,African Reed Warbler
MLJAI3,African Reed Warbler
CO6LYD,African Reed Warbler
BEIPIS,African Reed Warbler
YDEP12,African Reed Warbler
8PMPA3,African Reed Warbler
DDO5AB,African Reed Warbler
WMHJK6,African Reed Warbler
5QP94I,African Reed Warbler
RRUD18,African Reed Warbler
C7HJ29,African Reed Warbler
L6GEXQ,African Reed Warbler
8VD42F,African Reed Warbler
PTU0LI,African Reed Warbler
1FP7H1,African Reed Warbler
WR9VNO,African Reed Warbler
4YEN0E,African Reed Warbler
BQVPOS,African Reed Warbler
5150PI,African Reed Warbler
VLUDR6,African Reed Warbler
Y8JKEV,African Reed Warbler
9GBZDY,African Reed Warbler
TEIYNE,African Reed Warbler
DJXCA5,African Reed Warbler
0NK3SQ,African Reed Warbler
8NRKR4,African Reed Warbler
1F0K72,African Reed Warbler
FPAE4R,Rattling Cisticola
2XRNQR,Rattling Cisticola
UIO0C9,Rattling Cisticola
OXSJME,Rattling Cisticola
2D7OR3,Rattling Cisticola
RV3MGO,Rattling Cisticola
C7F8EZ,Rattling Cisticola
J0TJH2,Rattling Cisticola
MXTLAA,Rattling Cisticola
M2L2UA,Rattling Cisticola
9I2C0Y,Rattling Cisticola
4CUGTL,Rattling Cisticola
XLO6HM,Rattling Cisticola
ELQMCX,Rattling Cisticola
ETPCCT,Rattling Cisticola
TCO7QC,Rattling Cisticola
5B33ON,Rattling Cisticola
7QQZLF,Rattling Cisticola
9U04N3,Rattling Cisticola
NGTTB8,Rattling Cisticola
5FAMR6,Rattling Cisticola
MZQ872,Rattling Cisticola
W0MJX8,Rattling Cisticola
191EIR,Rattling Cisticola
BRNQKG,Rattling Cisticola
TPL5CR,Rattling Cisticola
PZLZUE,Rattling Cisticola
3ET6IA,Rattling Cisticola
ZE7FU1,Rattling Cisticola
LY2YQ1,Rattling Cisticola
QE1VCQ,Rattling Cisticola
VYCGG6,Rattling Cisticola
FI3UPR,Rattling Cisticola
F4JE6Y,Rattling Cisticola
CA5BV5,Rattling Cisticola
3GNAEE,Rattling Cisticola
J911U4,Rattling Cisticola
17DT03,Rattling Cisticola
JO3E7U,Rattling Cisticola
12UB63,Rattling Cisticola
GOZGAQ,Rattling Cisticola
N3WLNU,Rattling Cisticola
KFR54H,Rattling Cisticola
8CZAJL,Rattling Cisticola
AHAEKF,Rattling Cisticola
16W5CE,Rattling Cisticola
ZUQDUT,Rattling Cisticola
UCGYIM,Rattling Cisticola
7MBTNM,Rattling Cisticola
6VWFS4,Rattling Cisticola
ZES6Z3,Rattling Cisticola
6JZD8D,Rattling Cisticola
X5MDBI,Rattling Cisticola
NHZZOG,Rattling Cisticola
YUMTHT,Rattling Cisticola
KBV096,Rattling Cisticola
A1AEWC,Rattling Cisticola
ZLKD9S,Rattling Cisticola
PM6EB0,Rattling Cisticola
WO2GLY,Rattling Cisticola
C619EL,Rattling Cisticola
CJZ2T6,Rattling Cisticola
2NRAEL,Rattling Cisticola
EZK6WR,Levaillants Cisticola
JDX016,Levaillants Cisticola
ZPVK2Z,Levaillants Cisticola
TFPRER,Levaillants Cisticola
DXTBP8,Levaillants Cisticola
NBWT1M,Levaillants Cisticola
JC1CZZ,Levaillants Cisticola
LC54DI,Levaillants Cisticola
MQ1YY3,Levaillants Cisticola
VQLIHR,Levaillants Cisticola
NI18LC,Levaillants Cisticola
2F73AH,Levaillants Cisticola
X9FQ9S,Levaillants Cisticola
NUMHD7,Levaillants Cisticola
LDG69B,Levaillants Cisticola
S2IJX4,Levaillants Cisticola
F4VNMB,Levaillants Cisticola
0BDIEF,Levaillants Cisticola
3R38PA,Levaillants Cisticola
YO5UNN,Levaillants Cisticola
9MM47D,Levaillants Cisticola
HFOK0D,Levaillants Cisticola
3XT5GN,Levaillants Cisticola
S3HVRI,Levaillants Cisticola
V9TDEI,Levaillants Cisticola
B55WJ9,Levaillants Cisticola
42292P,Levaillants Cisticola
TQ85WP,Levaillants Cisticola
8F5E9S,Levaillants Cisticola
RKYGLC,Levaillants Cisticola
B8893M,Levaillants Cisticola
LMII67,Tawny-flanked Prinia
FU0V13,Tawny-flanked Prinia
3Q2FJL,Tawny-flanked Prinia
86AQV5,Tawny-flanked Prinia
ILX5R5,Tawny-flanked Prinia
FPABRO,Tawny-flanked Prinia
LPX624,Tawny-flanked Prinia
A6WKZQ,Tawny-flanked Prinia
RR322C,Tawny-flanked Prinia
ZI8KWE,Tawny-flanked Prinia
HYSB41,Tawny-flanked Prinia
DNHZOL,Tawny-flanked Prinia
BQU23S,Tawny-flanked Prinia
ALFFXH,Tawny-flanked Prinia
VMW7SH,Tawny-flanked Prinia
SSUPZ8,Tawny-flanked Prinia
T2JL03,Tawny-flanked Prinia
PNYVYB,Tawny-flanked Prinia
5B3PW1,Tawny-flanked Prinia
T403X8,Tawny-flanked Prinia
VUCAGQ,Tawny-flanked Prinia
J11JY1,Tawny-flanked Prinia
FG4M7O,Tawny-flanked Prinia
DW8ILE,Tawny-flanked Prinia
79JRVS,Tawny-flanked Prinia
E8K2FB,Tawny-flanked Prinia
CIE9PV,Tawny-flanked Prinia
KZZ45A,Tawny-flanked Prinia
QN2PPM,Tawny-flanked Prinia
CPGFNV,Tawny-flanked Prinia
S0P9KF,Tawny-flanked Prinia
DD1UQE,Tawny-flanked Prinia
XTKKPL,Tawny-flanked Prinia
WP0NHU,Tawny-flanked Prinia
BSN025,Tawny-flanked Prinia
30RKYS,Tawny-flanked Prinia
0LT5HO,Karoo Prinia
0S6VM2,Karoo Prinia
OLOQS1,Karoo Prinia
EQ9OTS,Karoo Prinia
YEY9E9,Karoo Prinia
ZC3K2U,Karoo Prinia
5SOLJY,Karoo Prinia
8MBOCV,Karoo Prinia
A9NAAQ,Karoo Prinia
VSGLJY,Karoo Prinia
LGPIBG,Karoo Prinia
9OTOJM,Karoo Prinia
816AYH,Karoo Prinia
6T0S9S,Karoo Prinia
0X75SU,Karoo Prinia
00M595,Karoo Prinia
6PPL0V,Karoo Prinia
SUXRS0,Karoo Prinia
70S3VP,Karoo Prinia
VAJE7D,Karoo Prinia
ZTC83B,Karoo Prinia
MCYTA3,Karoo Prinia
ZEKJPN,Karoo Prinia
23PFAW,Karoo Prinia
7VHHCK,Karoo Prinia
0CTGSV,Karoo Prinia
MPVJM1,Karoo Prinia
GV8BMI,Karoo Prinia
7PUTEV,Karoo Prinia
HWDXD5,Karoo Prinia
383WMM,Karoo Prinia
GWIHGS,Karoo Prinia
RSE7WI,Karoo Prinia
R3DEWH,Karoo Prinia
M14OIH,Karoo Prinia
RBDZ5A,Karoo Prinia
21T4P9,Karoo Prinia
36AQ3J,Karoo Prinia
ANV2P9,Karoo Prinia
J6BPRV,Karoo Prinia
LFBA3R,Karoo Prinia
AE818J,Karoo Prinia
CQCKP4,Karoo Prinia
VXMCE1,Karoo Prinia
V019E5,Karoo Prinia
RLXTBN,Karoo Prinia
3LXUNY,Karoo Prinia
QUDYFZ,Karoo Prinia
W455V0,Bar-throated Apalis
S19KYO,Bar-throated Apalis
PJUMUC,Bar-throated Apalis
HOJW7Y,Bar-throated Apalis
W5303P,Bar-throated Apalis
PFTSRD,Bar-throated Apalis
WA785Q,Bar-throated Apalis
P88T65,Bar-throated Apalis
1HG4NM,Bar-throated Apalis
P6KFPS,Bar-throated Apalis
8QZLZP,Bar-throated Apalis
CRCNY1,Bar-throated Apalis
HPHMAM,Bar-throated Apalis
FKSYTD,Bar-throated Apalis
CV4ESD,Bar-throated Apalis
RCKSO8,Bar-throated Apalis
X6CJBM,Bar-throated Apalis
IRR7IX,Bar-throated Apalis
IERDX5,Bar-throated Apalis
IK5UZN,Bar-throated Apalis
QTGN85,Bar-throated Apalis
BEF3A9,Bar-throated Apalis
IQTOHG,Bar-throated Apalis
50IP3W,Bar-throated Apalis
QA2PKW,Bar-throated Apalis
43WIBV,Bar-throated Apalis
YRWCHV,Bar-throated Apalis
1FZ97Z,Bar-throated Apalis
UZCHF2,Bar-throated Apalis
ALWVPO,Bar-throated Apalis
O85VIP,Bar-throated Apalis
5WJ2OP,Bar-throated Apalis
8JE1RA,Bar-throated Apalis
92UWH5,Bar-throated Apalis
5KKV51,Bar-throated Apalis
ZGCPON,Bar-throated Apalis
EUSL2X,Green-backed Camaroptera
7E0JKS,Green-backed Camaroptera
XQD75G,Green-backed Camaroptera
2VQZAB,Green-backed Camaroptera
O4SURR,Green-backed Camaroptera
GR91QK,Green-backed Camaroptera
6N53JN,Green-backed Camaroptera
BCS6O4,Green-backed Camaroptera
D6XCCW,Green-backed Camaroptera
KEESB7,Green-backed Camaroptera
6HJRLK,Green-backed Camaroptera
XTME8A,Green-backed Camaroptera
T0KXW7,Green-backed Camaroptera
2W5D8U,Green-backed Camaroptera
0W2ZMX,Green-backed Camaroptera
SRQ7CG,Green-backed Camaroptera
D2XGJA,Green-backed Camaroptera
A77S8B,Green-backed Camaroptera
N13BF0,Green-backed Camaroptera
6KD7LA,Green-backed Camaroptera
81H1M3,Green-backed Camaroptera
WQ44WH,Green-backed Camaroptera
7DAI99,Green-backed Camaroptera
ZKZXLC,Green-backed Camaroptera
FZ10QJ,Green-backed Camaroptera
92MKTI,Green-backed Camaroptera
GBAYBO,Green-backed Camaroptera
WPYC60,Green-backed Camaroptera
C73LGI,Green-backed Camaroptera
C1ZABN,Green-backed Camaroptera
X7MDHA,Green-backed Camaroptera
KYMYBI,Green-backed Camaroptera
CQ8A0J,Green-backed Camaroptera
K3UNAV,Green-backed Camaroptera
CKO09M,Green-backed Camaroptera
HBL1ZE,Green-backed Camaroptera
3JWNZ8,Green-backed Camaroptera
L158OW,Green-backed Camaroptera
Y2YEVD,Green-backed Camaroptera
O5TLKG,Green-backed Camaroptera
3M3SJ2,Green-backed Camaroptera
5E6WW3,Green-backed Camaroptera
WR6NPI,Green-backed Camaroptera
VVOGMN,Green-backed Camaroptera
ZWJTND,Green-backed Camaroptera
528JW6,Green-backed Camaroptera
Y9JTSD,Green-backed Camaroptera
JDDIMP,Green-backed Camaroptera
500262,Green-backed Camaroptera
GUJC5Q,Green-backed Camaroptera
96G59P,Green-backed Camaroptera
A13RF7,Green-backed Camaroptera
0NGDGE,Green-backed Camaroptera
1593CS,Green-backed Camaroptera
7W6ENB,Chestnut-vented Warbler
WYBPYH,Chestnut-vented Warbler
FH8RUO,Chestnut-vented Warbler
HI9AGO,Chestnut-vented Warbler
Q8CV76,Chestnut-vented Warbler
8M0RFL,Chestnut-vented Warbler
9WGDOR,Chestnut-vented Warbler
ZJ92A1,Chestnut-vented Warbler
K3V3ET,Chestnut-vented Warbler
F2SO1W,Chestnut-vented Warbler
FW5S9T,Chestnut-vented Warbler
WTPCAA,Chestnut-vented Warbler
O46Z7A,Chestnut-vented Warbler
ERUPRH,Chestnut-vented Warbler
EPKHVC,Chestnut-vented Warbler
SIS14W,Chestnut-vented Warbler
F6W0PC,Chestnut-vented Warbler
549SM5,Chestnut-vented Warbler
Q2AQEX,Chestnut-vented Warbler
V0X7SH,Chestnut-vented Warbler
1KAWG0,Chestnut-vented Warbler
LLRQZ0,Chestnut-vented Warbler
Z3A72I,Chestnut-vented Warbler
FRF50G,Chestnut-vented Warbler
6YDI7I,Chestnut-vented Warbler
1BRS5B,Chestnut-vented Warbler
6JLBA3,Chestnut-vented Warbler
OIEIH3,Chestnut-vented Warbler
X6ETNE,Chestnut-vented Warbler
5I3KTW,Chestnut-vented Warbler
TGTIYK,Chestnut-vented Warbler
HH4ZKK,Chestnut-vented Warbler
MOZMZH,Chestnut-vented Warbler
90RSP4,Chestnut-vented Warbler
2860FV,Chestnut-vented Warbler
9O59UF,Chestnut-vented Warbler
CE0OZG,Chestnut-vented Warbler
6EE374,Chestnut-vented Warbler
8H1BQP,Chestnut-vented Warbler
TNQ3UH,Chestnut-vented Warbler
5BF1Y0,Chestnut-vented Warbler
SHSBO8,Chestnut-vented Warbler
99J0U3,Chestnut-vented Warbler
CYXSKB,Chestnut-vented Warbler
I7BAS1,Chestnut-vented Warbler
DC9XZF,Chestnut-vented Warbler
XMSJLO,Chestnut-vented Warbler
9M4LNA,Chestnut-vented Warbler
LFJ4EZ,Chestnut-vented Warbler
7WP5XL,Chestnut-vented Warbler
ML69SK,Chestnut-vented Warbler
UIOEJK,Chestnut-vented Warbler
LNQI6Z,Chestnut-vented Warbler
MSITDE,Chestnut-vented Warbler
DVA5NW,Chestnut-vented Warbler
WQLZZD,Chestnut-vented Warbler
Z6BXP9,Chestnut-vented Warbler
KDB556,Chestnut-vented Warbler
IMGFZ3,Chestnut-vented Warbler
DLVM4Y,Chestnut-vented Warbler
05EWY2,Chestnut-vented Warbler
15I05X,Chestnut-vented Warbler
22T8PZ,Chestnut-vented Warbler
8L7E0A,Chestnut-vented Warbler
IG0XEC,Chestnut-vented Warbler
4GXN9O,Chestnut-vented Warbler
WP3PNQ,Chestnut-vented Warbler
PC13VV,Chestnut-vented Warbler
FWT2ZZ,Chestnut-vented Warbler
JC281Y,Chestnut-vented Warbler
JPHQU2,Chestnut-vented Warbler
6FHMA2,Chestnut-vented Warbler
DF04FV,Chestnut-vented Warbler
2H0TJ9,Chestnut-vented Warbler
7EZO78,Chestnut-vented Warbler
NOO3C1,Chestnut-vented Warbler
SZJ1EU,Chestnut-vented Warbler
ZUC8RO,Chestnut-vented Warbler
H823JO,Chestnut-vented Warbler
8VXE95,Chestnut-vented Warbler
IUU1ZQ,Chestnut-vented Warbler
VG5D27,Chestnut-vented Warbler
HZBCJV,Chestnut-vented Warbler
5R8OGO,Cape White-eye
7EH3S6,Cape White-eye
DP6BCV,Cape White-eye
M17O09,Cape White-eye
DMGGKY,Cape White-eye
RH4381,Cape White-eye
B31DP2,Cape White-eye
1RIB8C,Cape White-eye
QT47AZ,Cape White-eye
BTIAAW,Cape White-eye
1H6D6T,Cape White-eye
PISVG6,Cape White-eye
7D1BL4,Cape White-eye
B15C6B,Cape White-eye
4EVN55,Cape White-eye
VUD69H,Cape White-eye
M2QRXP,Cape White-eye
Z69H6K,Cape White-eye
JY7EEZ,Cape White-eye
QUNSDR,Cape White-eye
Q307UN,Cape White-eye
8JNVDQ,Cape White-eye
LVZY08,Cape White-eye
G3ZC09,Cape White-eye
2CDMAU,Cape White-eye
PGQDR4,Cape White-eye
QQ02XI,Cape White-eye
U4GNDS,Cape White-eye
81H1SC,Cape White-eye
DTZ8OU,Cape White-eye
XG8W1J,Cape White-eye
B5PA4S,Cape White-eye
QX2W8F,Cape White-eye
JQAB2G,Cape White-eye
KFDAJT,Cape White-eye
GC2R24,Cape White-eye
GOQ3H7,Cape White-eye
WOE4RX,Cape White-eye
8F1DT5,Cape White-eye
ZS35RW,Karoo Scrub Robin
A24WHN,Karoo Scrub Robin
B6M8LI,Karoo Scrub Robin
2MHPQN,Karoo Scrub Robin
J2HC1Q,Karoo Scrub Robin
X7JRYE,Karoo Scrub Robin
36ABVE,Karoo Scrub Robin
NE06FD,Karoo Scrub Robin
11E8KL,Karoo Scrub Robin
FALB14,Karoo Scrub Robin
0FB4K5,Karoo Scrub Robin
DCEYY6,Karoo Scrub Robin
EO00L4,Karoo Scrub Robin
MUVX9K,Karoo Scrub Robin
8CVTGP,Karoo Scrub Robin
6D7YJX,Karoo Scrub Robin
DRIA96,Karoo Scrub Robin
MEXTH8,Karoo Scrub Robin
3ZSLBK,Karoo Scrub Robin
M7T6P6,Karoo Scrub Robin
4OA1GX,Karoo Scrub Robin
XEAWBS,Karoo Scrub Robin
G4QF61,Karoo Scrub Robin
TZW2GN,Karoo Scrub Robin
EA8GM6,Karoo Scrub Robin
NALBCZ,Karoo Scrub Robin
V72KH3,Karoo Scrub Robin
FSQ1MH,Karoo Scrub Robin
BNHXDK,Karoo Scrub Robin
ISCUOU,Karoo Scrub Robin
UMKQNI,Karoo Scrub Robin
X423R5,White-browed Scrub Robin
JYAX6E,White-browed Scrub Robin
EBXT76,White-browed Scrub Robin
PO9TV4,White-browed Scrub Robin
463JM4,White-browed Scrub Robin
H2BV25,White-browed Scrub Robin
C1OTTO,White-browed Scrub Robin
6ULIKK,White-browed Scrub Robin
TTYWDH,White-browed Scrub Robin
4TWXQY,White-browed Scrub Robin
R1CG5S,White-browed Scrub Robin
MNTYVH,White-browed Scrub Robin
6CL270,White-browed Scrub Robin
P6GRKA,White-browed Scrub Robin
E1VQ93,White-browed Scrub Robin
VTJ1IR,White-browed Scrub Robin
6PRK6B,White-browed Scrub Robin
H61HPN,White-browed Scrub Robin
G3AYK7,White-browed Scrub Robin
EJ8JKU,White-browed Scrub Robin
IUZHF7,White-browed Scrub Robin
LGB2TL,White-browed Scrub Robin
EXTQ37,White-browed Scrub Robin
7WG76J,White-browed Scrub Robin
UTU9GZ,White-browed Scrub Robin
G3XWNM,White-browed Scrub Robin
BDRMZP,White-browed Scrub Robin
N1AFG2,White-browed Scrub Robin
8FNFOD,White-browed Scrub Robin
410ADL,White-browed Scrub Robin
5M8SXN,White-browed Scrub Robin
1F1KJ9,White-browed Scrub Robin
2VOUQM,White-browed Scrub Robin
CTU06I,White-browed Scrub Robin
X54OVL,White-browed Scrub Robin
KTONVB,White-browed Scrub Robin
YAJFM5,White-browed Scrub Robin
VPXRRD,White-browed Scrub Robin
BBEV8N,White-browed Scrub Robin
CT1P0N,White-browed Scrub Robin
6AJJ06,White-browed Scrub Robin
TJRR7G,White-browed Scrub Robin
7G26XL,White-browed Scrub Robin
71DU1F,White-browed Scrub Robin
HJ5STE,White-browed Scrub Robin
G3DZPQ,White-browed Scrub Robin
MPOBDH,White-browed Scrub Robin
F55P5F,White-browed Scrub Robin
2M14NO,White-browed Scrub Robin
CK1FOS,White-browed Scrub Robin
4Z8BJB,White-browed Scrub Robin
MCRPAJ,White-browed Scrub Robin
QJQL2P,White-browed Scrub Robin
XO5L32,White-browed Scrub Robin
VAJKBW,White-browed Scrub Robin
9F2L0T,White-browed Scrub Robin
NMU4A2,White-browed Scrub Robin
8Q12WB,White-browed Scrub Robin
5OSWK7,White-browed Scrub Robin
7DFEPK,White-browed Scrub Robin
SL55WV,White-browed Scrub Robin
5019V8,White-browed Scrub Robin
G8UPJO,White-browed Scrub Robin
14VDL7,White-browed Scrub Robin
1S2C1Z,White-browed Scrub Robin
7L3B2P,White-browed Scrub Robin
4Q7P7E,White-browed Scrub Robin
VDUA6U,White-browed Scrub Robin
91R1IP,White-browed Scrub Robin
TFM09E,White-browed Scrub Robin
U38PII,White-browed Scrub Robin
TIZEKY,White-browed Scrub Robin
XXKFOM,White-browed Scrub Robin
U3J33O,White-browed Scrub Robin
OILM8C,White-browed Scrub Robin
YDI3YS,White-browed Scrub Robin
B6EA8I,White-browed Scrub Robin
ENA74W,White-browed Scrub Robin
89G8F0,White-browed Scrub Robin
1CCJ1T,White-browed Scrub Robin
FI8HRS,White-browed Scrub Robin
7F3VG2,White-browed Scrub Robin
1PY6VH,White-browed Scrub Robin
2BRXNQ,White-browed Scrub Robin
G6X8VA,White-browed Scrub Robin
56R687,White-browed Scrub Robin
FZ3698,White-browed Scrub Robin
QR1UFS,White-browed Scrub Robin
5PMO8C,White-browed Scrub Robin
5BFODF,White-browed Scrub Robin
25G89G,White-browed Scrub Robin
C3CNEJ,White-browed Scrub Robin
ZA3LUR,White-browed Scrub Robin
5UPV0W,White-browed Scrub Robin
AB6APK,White-browed Scrub Robin
EFQIO3,White-browed Scrub Robin
H5EIVW,White-browed Scrub Robin
Y2WSA9,White-browed Scrub Robin
RZJZYF,White-browed Scrub Robin
A5RAHY,White-browed Scrub Robin
3G9USW,Cape Robin-Chat
YSXXU5,Cape Robin-Chat
S1A8YI,Cape Robin-Chat
YJT8HT,Cape Robin-Chat
05BWUR,Cape Robin-Chat
NES72W,Cape Robin-Chat
VF7WCM,Cape Robin-Chat
2ZSBQ9,Cape Robin-Chat
QI5WGG,Cape Robin-Chat
4UOYRF,Cape Robin-Chat
WNARUZ,Cape Robin-Chat
WS6N2C,Cape Robin-Chat
KNV1JI,Cape Robin-Chat
NH4IHE,Cape Robin-Chat
CUIS66,Cape Robin-Chat
54GX22,Cape Robin-Chat
D9L85P,Cape Robin-Chat
QD0MXN,Cape Robin-Chat
OUK6L9,Cape Robin-Chat
1JVNO7,Cape Robin-Chat
6E0B9I,Cape Robin-Chat
2E13GS,Cape Robin-Chat
GAYJBE,Cape Robin-Chat
6Z14PH,Cape Robin-Chat
DG9C3W,Cape Robin-Chat
NS5U77,Cape Robin-Chat
CTCMFR,Cape Robin-Chat
2XH9BD,Cape Robin-Chat
Z5I5W1,Cape Robin-Chat
WREW4X,Cape Robin-Chat
NK4ZV7,Cape Robin-Chat
7WNUX9,Cape Robin-Chat
IN8Q4A,Cape Robin-Chat
2VX6QZ,Cape Robin-Chat
PPJIFL,Cape Robin-Chat
R8S0R4,Cape Robin-Chat
PUI6YE,Cape Robin-Chat
V9KH7F,Cape Robin-Chat
LPYHOM,Cape Robin-Chat
VCOF0R,Cape Robin-Chat
B56OAK,Cape Robin-Chat
5UZDMR,Cape Robin-Chat
RPT4II,Cape Robin-Chat
QFB1FR,Cape Robin-Chat
AC9A6J,Cape Robin-Chat
JSMW8S,Cape Robin-Chat
3Y9KJ8,Cape Robin-Chat
GR3LF4,Cape Robin-Chat
O5UWCL,Cape Robin-Chat
BTKFOJ,Cape Robin-Chat
9NSV7N,Cape Robin-Chat
HXFM2S,Cape Robin-Chat
6A7B80,Cape Robin-Chat
32UNM8,Cape Robin-Chat
2V6QGI,Cape Robin-Chat
CALJ26,Cape Robin-Chat
CLNNTC,Cape Robin-Chat
ASRI56,Cape Robin-Chat
4KB26N,Cape Robin-Chat
82AZYT,Cape Robin-Chat
PR0CG6,Cape Robin-Chat
0FKB5F,Cape Robin-Chat
ZGQP9L,Cape Robin-Chat
KZ2TB9,Cape Robin-Chat
NIUSAH,Cape Robin-Chat
BNZV66,Cape Robin-Chat
BGA0VI,White-browed Robin-Chat
DR3BM7,White-browed Robin-Chat
NYOSKL,White-browed Robin-Chat
8A56UR,White-browed Robin-Chat
4SL76D,White-browed Robin-Chat
NSF9IS,White-browed Robin-Chat
3Y2PDS,White-browed Robin-Chat
Q8F6DY,White-browed Robin-Chat
NXLVUC,White-browed Robin-Chat
D0CL5X,White-browed Robin-Chat
7JUYXF,White-browed Robin-Chat
6A4DTB,White-browed Robin-Chat
FGJKAX,White-browed Robin-Chat
K6XOZQ,White-browed Robin-Chat
VNMYGG,White-browed Robin-Chat
KGI0ZB,White-browed Robin-Chat
ROND4F,White-browed Robin-Chat
2WBH17,White-browed Robin-Chat
MLI5YQ,White-browed Robin-Chat
2NOEZQ,White-browed Robin-Chat
3TT6BL,White-browed Robin-Chat
C1AN0S,White-browed Robin-Chat
OUFMWE,White-browed Robin-Chat
7KWR9L,White-browed Robin-Chat
33NWCQ,White-browed Robin-Chat
C4OFI2,White-browed Robin-Chat
PFU5N9,White-browed Robin-Chat
XQ27DS,White-browed Robin-Chat
6UZFA2,White-browed Robin-Chat
G5I7UQ,White-browed Robin-Chat
19TERJ,White-browed Robin-Chat
9S9OW6,White-browed Robin-Chat
QKFXYH,Chorister Robin-Chat
70ZL0Z,Chorister Robin-Chat
E7TGCS,Chorister Robin-Chat
WNZ0P7,Chorister Robin-Chat
Y0TNP2,Chorister Robin-Chat
UFISSH,Chorister Robin-Chat
MYMGDJ,Chorister Robin-Chat
FQ40KK,Chorister Robin-Chat
FG14R2,Chorister Robin-Chat
WDKN3Q,Chorister Robin-Chat
PAAJRR,Chorister Robin-Chat
LUGC29,Chorister Robin-Chat
P159JI,Chorister Robin-Chat
8E9UX0,Chorister Robin-Chat
PBAJ7I,Chorister Robin-Chat
RTRFH3,Chorister Robin-Chat
HWU87A,Chorister Robin-Chat
YM6K5W,Chorister Robin-Chat
1MDDCC,Chorister Robin-Chat
PC7KOU,Chorister Robin-Chat
YJE3B1,Chorister Robin-Chat
MVP607,Chorister Robin-Chat
2EPIP6,Chorister Robin-Chat
FZOCUG,Chorister Robin-Chat
788O8O,Chorister Robin-Chat
V1P8DM,Chorister Robin-Chat
ZU67XG,Chorister Robin-Chat
O2PY5C,Chorister Robin-Chat
4IA9LA,Chorister Robin-Chat
FELU27,Chorister Robin-Chat
7338KU,Chorister Robin-Chat
3ZCVS2,Chorister Robin-Chat
TRXLE7,Southern Double-collared Sunbird
XMYW63,Southern Double-collared Sunbird
MYMVRS,Southern Double-collared Sunbird
XX36M5,Southern Double-collared Sunbird
0RO00B,Southern Double-collared Sunbird
5QP8O1,Southern Double-collared Sunbird
3Q2NSE,Southern Double-collared Sunbird
MYVPFR,Southern Double-collared Sunbird
ZV0CFI,Southern Double-collared Sunbird
48KSKK,Southern Double-collared Sunbird
G09YRE,Southern Double-collared Sunbird
2QU6PE,Southern Double-collared Sunbird
77KIL4,Southern Double-collared Sunbird
O60N7B,Southern Double-collared Sunbird
P6C3IJ,Southern Double-collared Sunbird
B121SG,Southern Double-collared Sunbird
7DSTY1,Southern Double-collared Sunbird
G6GU26,Southern Double-collared Sunbird
M7TZQU,Southern Double-collared Sunbird
ZVDQO4,Southern Double-collared Sunbird
E3HI2T,Southern Double-collared Sunbird
IFFBH8,Southern Double-collared Sunbird
05XKMD,Southern Double-collared Sunbird
SYYP16,Southern Double-collared Sunbird
N6GNT9,Southern Double-collared Sunbird
7GRLSS,Southern Double-collared Sunbird
5VSE3Y,Southern Double-collared Sunbird
USI5TW,Southern Double-collared Sunbird
V30RX3,Southern Double-collared Sunbird
HHJER7,Southern Double-collared Sunbird
TYCWFD,Southern Double-collared Sunbird
3BW5M5,Southern Double-collared Sunbird
KVRW7I,Southern Double-collared Sunbird
0LR0ZJ,Southern Double-collared Sunbird
FNLJHA,Southern Double-collared Sunbird
H4HV0A,Southern Double-collared Sunbird
OW0LVI,Southern Double-collared Sunbird
J29VUY,Southern Double-collared Sunbird
WWSOUU,Southern Double-collared Sunbird
2I6CGP,Southern Double-collared Sunbird
JROPKR,Southern Double-collared Sunbird
RPCBK3,Southern Double-collared Sunbird
A9T9BZ,Southern Double-collared Sunbird
YTSMM4,Southern Double-collared Sunbird
DU38ZC,Southern Double-collared Sunbird
JD7VEB,Southern Double-collared Sunbird
95OCZA,White-bellied Sunbird
DVCT97,White-bellied Sunbird
EQIDHE,White-bellied Sunbird
RHUA16,White-bellied Sunbird
MVA8EC,White-bellied Sunbird
Q1T5Y9,White-bellied Sunbird
9LE8H7,White-bellied Sunbird
UR13AQ,White-bellied Sunbird
TBY2HL,White-bellied Sunbird
KZ3M9P,White-bellied Sunbird
IRHW8D,White-bellied Sunbird
BJONII,White-bellied Sunbird
48GXM2,White-bellied Sunbird
1CNR4W,White-bellied Sunbird
MPUR17,White-bellied Sunbird
PTOA27,White-bellied Sunbird
L6BSXS,White-bellied Sunbird
44GSEQ,White-bellied Sunbird
DYM28T,White-bellied Sunbird
2U3II0,White-bellied Sunbird
663212,White-bellied Sunbird
YQ6QLY,White-bellied Sunbird
MXQJ5S,White-bellied Sunbird
OU7ECP,White-bellied Sunbird
127GNR,White-bellied Sunbird
707WSA,White-bellied Sunbird
PPFKVX,White-bellied Sunbird
O1MXLY,White-bellied Sunbird
22TVUU,White-bellied Sunbird
QIFEQB,White-bellied Sunbird
JGGCGZ,White-bellied Sunbird
UTRKUG,White-bellied Sunbird
HG3ACC,White-bellied Sunbird
7KX4A9,White-bellied Sunbird
ZKZX94,White-bellied Sunbird
MLY1S0,White-bellied Sunbird
L716AT,African Pipit
GGXBQW,African Pipit
IIGUEV,African Pipit
TBO6IN,African Pipit
36Y5SR,African Pipit
0REPAX,African Pipit
R89HZR,African Pipit
ANXDI5,African Pipit
3ZU3XE,African Pipit
KN6N64,African Pipit
J90QMK,African Pipit
C81MN1,African Pipit
HIXNMG,African Pipit
G4A2JM,African Pipit
I4S80U,African Pipit
C9FJWS,African Pipit
C2176Y,African Pipit
BQM6SI,African Pipit
593X8Y,African Pipit
6FSPMG,African Pipit
XC7M1A,African Pipit
2POMSB,African Pipit
0TK0GY,African Pipit
7TP77S,African Pipit
LZRHFD,African Pipit
6XIW3Q,African Pipit
7VZXBZ,African Pipit
K4JVKC,African Pipit
R5O2OD,African Pipit
EHCJW3,African Pipit
XN28S7,African Pipit
1UU889,African Pipit
QH918P,African Pipit
UZRLL5,African Pipit
U18TE5,African Rock Pipit
1ZITP8,African Rock Pipit
UQHAKC,African Rock Pipit
2JIOUJ,African Rock Pipit
F7K6IJ,African Rock Pipit
ZGU3TG,African Rock Pipit
VU7VKU,African Rock Pipit
OZO8P1,African Rock Pipit
NJ34UG,African Rock Pipit
ZJBT68,African Rock Pipit
LKC31T,African Rock Pipit
KKBORK,African Rock Pipit
8FHZAX,African Rock Pipit
87AEY3,African Rock Pipit
PPTHS9,African Rock Pipit
G39TKH,African Rock Pipit
BVGY0C,African Rock Pipit
OXR50L,African Rock Pipit
HHO61F,African Rock Pipit
Q0583O,African Rock Pipit
9GDXYS,African Rock Pipit
REGPD5,African Rock Pipit
LVNRXD,African Rock Pipit
QFXVAH,African Rock Pipit
8T0J5T,African Rock Pipit
8I66OO,African Rock Pipit
FY2DQB,African Rock Pipit
XIX5EM,African Rock Pipit
IN1VXG,African Rock Pipit
3DTLNF,African Rock Pipit
2G8ZBQ,African Rock Pipit
9Z7Y6A,African Rock Pipit
UJ358Q,African Rock Pipit
U6G8JB,African Rock Pipit
C6A7LX,African Rock Pipit
G7L2RI,African Rock Pipit
D72QGN,African Rock Pipit
ZPQWIH,African Rock Pipit
4FOLNQ,African Rock Pipit
WQHRDN,African Rock Pipit
US784G,African Rock Pipit
1KK408,African Rock Pipit
L9OZP2,African Rock Pipit
4LEPR7,African Rock Pipit
5CR2D9,African Rock Pipit
GNG47P,African Rock Pipit
P6ZLRA,African Rock Pipit
558I2R,African Rock Pipit
833LKQ,African Rock Pipit
ZCOC3N,African Rock Pipit
64WTIR,African Rock Pipit
4RK9X7,African Rock Pipit
1KZ4R5,African Rock Pipit
3SHVFW,African Rock Pipit
85KNV6,African Rock Pipit
M4BA4O,African Rock Pipit
GLAO6Q,African Rock Pipit
BYD1E3,African Rock Pipit
F0JRWW,African Rock Pipit
HDHFZL,African Rock Pipit
XTE4E1,African Rock Pipit
U2BS2M,Cape Bunting
8T5LLP,Cape Bunting
II6QBK,Cape Bunting
8PL57R,Cape Bunting
KGFJHG,Cape Bunting
5H8LC2,Cape Bunting
N5DY7J,Cape Bunting
VGW5FF,Cape Bunting
I10JJ2,Cape Bunting
MFZPFM,Cape Bunting
FWOPF9,Cape Bunting
D37M4C,Cape Bunting
6LJ8AU,Cape Bunting
WSJPYZ,Cape Bunting
3TRV3U,Cape Bunting
6EA6GI,Cape Bunting
F64JK0,Cape Bunting
576SAI,Cape Bunting
BLPAZ3,Cape Bunting
8BARZH,Cape Bunting
6E8F5S,Cape Bunting
1YOQML,Cape Bunting
HPBERF,Cape Bunting
E7HX6S,Cape Bunting
8EBN0S,Cape Bunting
1HKAJI,Cape Bunting
0NBCLO,Cape Bunting
74EQ14,Cape Bunting
XFPUW9,Cape Bunting
6TM36Z,Cape Bunting
UIU42T,Cape Bunting
